{
    "f1": 0.5352112676056338,
    "acc": 0.7582417582417582
}